City_ID,City,Lat,Lng,Max Temp,Humidity,Cloudiness,Wind Speed,Country,Date
0,poum,-20.2333,164.0167,80.42,79,21,17.58,NC,1669638573
1,micheweni,-4.9667,39.8333,83.26,67,36,2.84,TZ,1669638573
2,tiksi,71.6872,128.8694,-28.17,99,52,6.96,RU,1669638573
3,ushuaia,-54.8,-68.3,60.46,48,75,8.05,AR,1669638573
4,east london,-33.0153,27.9116,72.54,73,40,17.27,ZA,1669638573
5,sinnamary,5.3833,-52.95,78.46,86,97,9.55,GF,1669638573
6,kapaa,22.0752,-159.319,71.58,95,100,10.36,US,1669638573
7,bilaspur,22.0833,82.15,70.56,37,0,2.89,IN,1669638573
8,constitucion,-35.3333,-72.4167,61.11,77,16,2.91,CL,1669638574
9,porbandar,21.6422,69.6093,81.07,43,1,10.96,IN,1669638574
10,nadym,65.5333,72.5167,-1.23,94,64,8.46,RU,1669638574
11,mancio lima,-7.6142,-72.8958,71.67,100,100,0.0,BR,1669638574
12,rikitea,-23.1203,-134.9692,73.18,83,15,8.88,PF,1669638574
13,husavik,66.0449,-17.3389,30.02,79,30,11.01,IS,1669638574
14,yar-sale,66.8333,70.8333,8.83,92,97,8.32,RU,1669638575
15,souillac,-20.5167,57.5167,80.98,69,75,11.5,MU,1669638575
16,new norfolk,-42.7826,147.0587,51.3,65,100,1.99,AU,1669638575
17,hilo,19.7297,-155.09,73.26,89,75,4.61,US,1669638575
18,hobart,-42.8794,147.3294,51.66,82,75,9.22,AU,1669638384
19,haifa,32.8156,34.9892,74.17,43,0,18.41,IL,1669638324
20,torbay,47.6666,-52.7314,38.75,97,100,4.61,CA,1669638575
21,raipur,21.2333,81.6333,77.14,38,1,2.3,IN,1669638575
22,pevek,69.7008,170.3133,0.57,85,100,2.13,RU,1669638575
23,atuona,-9.8,-139.0333,77.22,75,19,12.77,PF,1669638575
24,thompson,55.7435,-97.8558,17.76,93,100,12.66,CA,1669638575
25,acari,-15.4311,-74.6158,70.14,76,90,2.91,PE,1669638575
26,butaritari,3.0707,172.7902,81.3,75,19,10.16,KI,1669638576
27,qaanaaq,77.484,-69.3632,-8.55,80,90,5.7,GL,1669638576
28,liusha,27.2098,108.59,61.32,96,89,7.05,CN,1669638576
29,lasa,46.6166,10.7002,38.35,73,100,2.15,IT,1669638576
30,punta arenas,-53.15,-70.9167,50.11,76,75,5.75,CL,1669638576
31,sumbe,-11.2061,13.8437,81.84,67,56,10.94,AO,1669638577
32,hermanus,-34.4187,19.2345,88.81,38,19,14.47,ZA,1669638577
33,dikson,73.5069,80.5464,0.75,98,63,4.29,RU,1669638577
34,fortuna,40.5982,-124.1573,47.66,96,100,5.75,US,1669638577
35,kapoeta,4.7717,33.5903,90.18,32,60,18.54,SS,1669638577
36,los llanos de aridane,28.6585,-17.9182,71.35,64,20,12.66,ES,1669638578
37,aguas verdes,-3.4814,-80.245,69.71,85,100,1.79,PE,1669638578
38,bucerias,20.75,-105.3333,66.97,86,1,3.56,MX,1669638578
39,naze,28.3667,129.4833,74.32,88,85,18.12,JP,1669638353
40,mundargi,15.2167,75.9,82.92,50,88,3.13,IN,1669638579
41,severo-kurilsk,50.6789,156.125,29.84,80,89,32.66,RU,1669638579
42,mahebourg,-20.4081,57.7,80.89,69,75,11.5,MU,1669638579
43,mar del plata,-38.0023,-57.5575,71.83,98,100,17.0,AR,1669638318
44,iqaluit,63.7506,-68.5145,-6.07,77,100,40.29,CA,1669638579
45,bluff,-46.6,168.3333,54.82,71,99,6.04,NZ,1669638579
46,cape town,-33.9258,18.4232,90.27,41,0,13.8,ZA,1669638541
47,mataura,-46.1927,168.8643,49.3,86,98,2.39,NZ,1669638579
48,castro,-24.7911,-50.0119,60.22,92,98,11.03,BR,1669638580
49,maxixe,-23.8597,35.3472,76.82,88,75,6.91,MZ,1669638580
50,sorong,-0.8833,131.25,82.89,74,87,5.41,ID,1669638580
51,nikolskoye,59.7035,30.7861,26.49,87,100,5.75,RU,1669638580
52,jamestown,42.097,-79.2353,39.02,78,100,8.05,US,1669638580
53,ust-omchug,61.15,149.6333,-8.64,99,100,9.48,RU,1669638580
54,college,64.8569,-147.8028,5.32,81,100,4.61,US,1669638580
55,port lincoln,-34.7333,135.8667,57.2,75,22,11.72,AU,1669638580
56,brownfield,33.1812,-102.2744,41.36,52,0,10.87,US,1669638580
57,nador,35.174,-2.9287,69.87,55,20,23.02,MA,1669638580
58,zabid,14.1951,43.3152,88.03,45,21,14.56,YE,1669638581
59,hithadhoo,-0.6,73.0833,81.63,73,54,7.36,MV,1669638581
60,zavetnoye,47.1194,43.8903,38.08,37,55,12.3,RU,1669638581
61,chitradurga,14.2333,76.4,79.38,58,99,3.22,IN,1669638581
62,correntina,-13.3433,-44.6367,72.75,89,100,1.99,BR,1669638581
63,nemuro,43.3236,145.575,40.68,64,90,2.39,JP,1669638582
64,saint-augustin,51.226,-58.6502,24.98,92,99,3.83,CA,1669638582
65,komsomolskiy,40.4272,71.7189,43.52,87,100,2.3,UZ,1669638582
66,nizhniy kuranakh,58.8353,125.4869,-16.87,99,100,2.04,RU,1669638582
67,bethel,41.3712,-73.414,52.48,76,49,1.01,US,1669638582
68,yumen,40.2833,97.2,3.97,53,100,12.82,CN,1669638582
69,hamilton,39.1834,-84.5333,44.1,92,100,5.75,US,1669638582
70,vaini,-21.2,-175.2,77.16,88,20,6.91,TO,1669638582
71,abadan,30.3392,48.3043,85.95,21,0,9.22,IR,1669638461
72,kodiak,57.79,-152.4072,26.11,100,100,4.61,US,1669638582
73,san cristobal,7.7669,-72.225,66.38,97,99,1.9,VE,1669638583
74,demirci,39.0461,28.6589,50.59,44,100,1.32,TR,1669638583
75,komsomolets,53.7453,62.0708,8.15,88,100,5.19,KZ,1669638583
76,coquimbo,-29.9533,-71.3436,58.73,100,100,4.61,CL,1669638303
77,saldanha,-33.0117,17.9442,72.93,52,63,13.76,ZA,1669638583
78,wuwei,37.9281,102.6414,17.55,49,75,7.02,CN,1669638583
79,ucluelet,48.9329,-125.5528,32.09,92,11,5.75,CA,1669638583
80,narsaq,60.9167,-46.05,34.02,73,100,9.78,GL,1669638583
81,izumo,35.3667,132.7667,60.75,68,67,8.14,JP,1669638583
82,wanning,18.8003,110.3967,78.66,92,8,7.2,CN,1669638584
83,menongue,-14.6585,17.691,86.29,33,95,4.43,AO,1669638584
84,chumikan,54.7183,135.315,0.57,80,60,16.91,RU,1669638584
85,alta floresta,-9.8756,-56.0861,78.62,89,75,6.91,BR,1669638584
86,caucaia,-3.7361,-38.6531,84.15,72,40,11.5,BR,1669638427
87,puerto ayora,-0.7393,-90.3518,67.55,90,77,3.0,EC,1669638584
88,namie,37.4833,141.0,52.99,82,80,8.86,JP,1669638459
89,tuktoyaktuk,69.4541,-133.0374,-4.32,98,100,10.25,CA,1669638584
90,namibe,-15.1961,12.1522,76.53,71,94,11.61,AO,1669638584
91,vao,-22.6667,167.4833,77.36,85,100,16.91,NC,1669638584
92,avarua,-21.2078,-159.775,75.25,83,75,9.22,CK,1669638584
93,nizwa,22.9333,57.5333,85.28,21,51,7.74,OM,1669638585
94,jabinyanah,35.035,10.9081,67.8,56,26,3.49,TN,1669638585
95,albany,42.6001,-73.9662,44.58,80,95,3.0,US,1669638580
96,barrow,71.2906,-156.7887,-16.58,83,0,11.5,US,1669638585
97,kavaratti,10.5669,72.642,81.86,66,82,1.48,IN,1669638585
98,vangaindrano,-23.35,47.6,83.73,59,3,17.87,MG,1669638585
99,ati,13.2154,18.3353,90.16,11,45,7.78,TD,1669638585
100,talnakh,69.4865,88.3972,6.21,98,100,9.6,RU,1669638585
101,ambilobe,-13.2,49.05,88.5,45,44,9.46,MG,1669638585
102,charlestown,-32.95,151.6667,67.73,91,66,1.01,AU,1669638586
103,ukiah,39.1502,-123.2078,50.11,92,52,3.83,US,1669638586
104,ayan,56.45,138.1667,-2.83,90,2,19.46,RU,1669638586
105,bafq,31.6128,55.4107,70.54,24,1,5.88,IR,1669638544
106,qui nhon,13.7667,109.2333,78.91,85,3,4.92,VN,1669638586
107,yellowknife,62.456,-114.3525,1.56,78,75,18.41,CA,1669638586
108,bengkulu,-3.8004,102.2655,78.73,81,99,4.76,ID,1669638586
109,vostok,46.4856,135.8833,17.67,92,100,3.56,RU,1669638586
110,dimitrovgrad,54.2139,49.6184,17.31,86,4,6.24,RU,1669638576
111,padang,-0.9492,100.3543,80.65,84,100,3.47,ID,1669638587
112,shingu,33.7333,135.9833,61.39,90,47,2.98,JP,1669638587
113,parabel,58.6978,81.4825,-2.88,89,100,8.32,RU,1669638587
114,cherskiy,68.75,161.3,-4.7,97,100,7.74,RU,1669638587
115,lebu,-37.6167,-73.65,58.57,85,8,9.4,CL,1669638587
116,busselton,-33.65,115.3333,62.13,74,0,16.17,AU,1669638587
117,tabou,4.423,-7.3528,83.46,67,61,7.83,CI,1669638587
118,nova esperanca,4.438,-61.1151,70.02,92,100,1.3,BR,1669638588
119,port alfred,-33.5906,26.891,73.18,78,71,11.01,ZA,1669638588
120,chokurdakh,70.6333,147.9167,-37.79,100,97,2.28,RU,1669638588
121,havelock,34.8791,-76.9013,60.75,82,0,9.22,US,1669638588
122,leiyang,26.4024,112.8591,69.64,91,34,8.66,CN,1669638588
123,north bend,43.4065,-124.2243,46.31,93,100,12.66,US,1669638588
124,haikou,20.0458,110.3417,78.93,89,20,2.24,CN,1669638589
125,flinders,-34.5833,150.8552,63.37,80,12,4.81,AU,1669638589
126,saint anthony,45.0205,-93.218,28.35,87,0,12.66,US,1669638589
127,japura,-0.3167,102.35,77.16,94,97,1.5,ID,1669638589
128,butterworth,5.3991,100.3638,82.35,86,40,9.22,MY,1669638589
129,osypenko,46.9136,36.8253,42.24,74,100,15.97,UA,1669638590
130,hokitika,-42.7167,170.9667,50.99,83,94,3.13,NZ,1669638590
131,vallenar,-28.5708,-70.7581,66.06,70,1,4.43,CL,1669638590
132,nueva loja,0.0847,-76.8828,69.82,100,40,1.14,EC,1669638590
133,huarmey,-10.0681,-78.1522,65.97,88,100,4.74,PE,1669638590
134,darhan,49.4867,105.9228,-8.48,71,99,5.12,MN,1669638448
135,jalu,29.0331,21.5482,60.03,63,100,3.06,LY,1669638590
136,san patricio,28.017,-97.5169,64.26,94,0,6.53,US,1669638515
137,lardos,36.0942,28.0157,60.94,77,100,25.77,GR,1669638591
138,khatanga,71.9667,102.5,-21.1,100,100,2.84,RU,1669638486
139,kavieng,-2.5744,150.7967,83.35,66,47,7.58,PG,1669638591
140,brae,60.3964,-1.353,48.9,84,5,12.66,GB,1669638591
141,carnarvon,-24.8667,113.6333,74.41,71,0,20.36,AU,1669638591
142,kiama,-34.6833,150.8667,64.99,80,16,1.99,AU,1669638591
143,upington,-28.4478,21.2561,100.78,11,20,4.61,ZA,1669638591
144,shimoda,34.6667,138.95,56.1,78,100,12.88,JP,1669638309
145,mujiayingzi,42.1167,118.7833,20.98,33,63,18.52,CN,1669638591
146,barcelona,41.3888,2.159,57.67,81,75,3.44,ES,1669638351
147,adre,13.4667,22.2,88.7,14,93,4.97,TD,1669638592
148,tawang,27.5833,91.8667,36.23,69,0,5.37,IN,1669638592
149,pascagoula,30.3658,-88.5561,60.42,100,40,0.0,US,1669638592
150,clyde river,70.4692,-68.5914,-12.77,77,0,14.97,CA,1669638592
151,kayunga,0.7025,32.8886,83.46,45,60,2.37,UG,1669638592
152,sambava,-14.2667,50.1667,80.65,63,76,11.81,MG,1669638592
153,anadyr,64.75,177.4833,23.5,86,75,22.37,RU,1669638592
154,chapais,49.7834,-74.8492,19.18,97,90,6.29,CA,1669638592
155,bredasdorp,-34.5322,20.0403,78.62,48,14,20.65,ZA,1669638592
156,sao raimundo nonato,-9.0153,-42.6994,75.22,81,100,4.7,BR,1669638592
157,storforshei,66.4043,14.5233,38.98,60,40,12.66,NO,1669638592
158,chuy,-33.6971,-53.4616,74.84,63,39,9.46,UY,1669638593
159,saskylakh,71.9167,114.0833,-22.4,98,100,2.3,RU,1669638439
160,wesselsbron,-27.8549,26.3658,79.88,37,28,4.81,ZA,1669638593
161,bambous virieux,-20.3428,57.7575,80.85,69,75,11.5,MU,1669638593
162,ulladulla,-35.35,150.4667,58.75,91,84,3.67,AU,1669638593
163,karasburg,-28.0167,18.75,93.25,8,0,3.09,NA,1669638593
164,santa cruz,-17.8,-63.1667,89.65,25,0,14.97,BO,1669638593
165,lata,40.1629,-8.3327,58.82,70,86,4.7,PT,1669638593
166,borogontsy,62.6683,131.1683,-48.17,100,74,0.4,RU,1669638593
167,palana,59.1167,159.9667,28.08,76,100,16.96,RU,1669638593
168,luderitz,-26.6481,15.1594,66.67,69,28,16.93,NA,1669638593
169,labuan,5.2767,115.2417,82.76,78,20,3.44,MY,1669638593
170,salym,60.0625,71.4789,-1.12,89,100,6.91,RU,1669638593
171,sitka,57.0531,-135.33,28.29,74,0,4.61,US,1669638594
172,jijiga,9.35,42.8,77.29,25,69,14.18,ET,1669638594
173,kysyl-syr,63.8986,122.7617,-34.08,100,66,2.26,RU,1669638594
174,joao pinheiro,-17.7425,-46.1725,76.8,68,28,2.59,BR,1669638594
175,cayenne,4.9333,-52.3333,77.04,94,100,2.3,GF,1669638594
176,quesnel,52.9999,-122.5029,12.7,67,0,14.97,CA,1669638594
177,lagoa,39.05,-27.9833,66.2,86,100,31.43,PT,1669638594
178,cockburn town,21.4612,-71.1419,81.0,67,91,12.26,TC,1669638594
179,abu kamal,34.4506,40.9171,68.38,33,35,7.54,SY,1669638594
180,upernavik,72.7868,-56.1549,13.6,87,99,10.49,GL,1669638446
181,keti bandar,24.1447,67.4497,79.9,48,37,9.55,PK,1669638595
182,lisakovsk,52.5369,62.4936,9.5,85,100,8.52,KZ,1669638595
183,nouadhibou,20.931,-17.0347,80.58,34,0,14.97,MR,1669638595
184,paciran,-6.8767,112.3761,78.71,88,98,7.81,ID,1669638595
185,uvalde,29.3669,-99.767,40.19,93,0,0.0,US,1669638595
186,kizner,56.2749,51.508,11.39,97,24,3.36,RU,1669638595
187,touros,-5.1989,-35.4608,84.38,60,95,10.36,BR,1669638595
188,port keats,-14.25,129.55,80.65,81,57,6.87,AU,1669638595
189,boyolangu,-8.1181,111.8935,76.26,92,100,4.03,ID,1669638595
190,moscow,55.7522,37.6156,25.32,94,100,7.16,RU,1669638586
191,lavrentiya,65.5833,-171.0,11.64,89,81,5.55,RU,1669638596
192,nanortalik,60.1432,-45.2371,33.66,81,100,13.42,GL,1669638596
193,ixtapa,20.7,-105.2,66.22,86,5,2.53,MX,1669638596
194,georgetown,5.4112,100.3354,82.24,85,40,9.22,MY,1669638596
195,saint-philippe,-21.3585,55.7679,81.1,69,86,10.51,RE,1669638596
196,bubaque,11.2833,-15.8333,79.11,48,86,5.77,GW,1669638596
197,tasiilaq,65.6145,-37.6368,23.16,55,8,4.38,GL,1669638596
198,iralaya,15.0,-83.2333,78.91,83,56,10.33,HN,1669638597
199,asosa,10.0667,34.5333,77.99,38,98,3.04,ET,1669638597
200,leh,34.1667,77.5833,17.31,58,0,2.8,IN,1669638597
201,cairns,-16.9167,145.7667,78.75,94,99,0.0,AU,1669638597
202,bhachau,23.2833,70.35,80.31,26,1,10.13,IN,1669638597
203,kismayo,-0.3582,42.5454,83.28,67,38,12.06,SO,1669638597
204,puerto baquerizo moreno,-0.9,-89.6,66.54,85,78,7.18,EC,1669638597
205,bosaso,11.2842,49.1816,82.38,69,20,9.22,SO,1669638597
206,peniche,39.3558,-9.3811,61.29,74,98,15.68,PT,1669638597
207,ribeira grande,38.5167,-28.7,68.77,88,75,25.99,PT,1669638597
208,bafoulabe,13.8065,-10.8321,93.6,10,35,4.12,ML,1669638597
209,kahului,20.8947,-156.47,73.85,90,0,5.99,US,1669638597
210,lodja,-3.4833,23.4333,87.64,48,98,1.48,CD,1669638597
211,san pedro,14.35,121.0167,83.32,80,40,3.44,PH,1669638598
212,esperance,-33.8667,121.9,57.85,73,0,12.88,AU,1669638598
213,rawson,-43.3002,-65.1023,70.88,67,94,17.96,AR,1669638598
214,jiaonan,35.8786,119.9753,49.3,87,100,22.21,CN,1669638598
215,sechura,-5.5569,-80.8222,66.31,82,100,8.28,PE,1669638598
216,petropavlovsk-kamchatskiy,53.0452,158.6483,32.59,64,75,8.95,RU,1669638482
217,thabazimbi,-24.5917,27.4116,77.2,47,57,12.93,ZA,1669638598
218,lazaro cardenas,17.9583,-102.2,73.29,82,89,3.78,MX,1669638598
219,goldsboro,35.3849,-77.9928,51.73,81,0,8.05,US,1669638598
220,kieta,-6.2167,155.6333,80.22,84,91,4.36,PG,1669638599
221,chicama,-7.8447,-79.1469,63.14,86,97,2.3,PE,1669638599
222,praia da vitoria,38.7333,-27.0667,68.25,88,75,27.58,PT,1669638599
223,mehamn,71.0357,27.8492,26.55,86,0,9.22,NO,1669638599
224,capao da canoa,-29.7456,-50.0097,71.82,80,30,13.38,BR,1669638599
225,lompoc,34.6391,-120.4579,50.52,91,100,0.0,US,1669638599
226,inuvik,68.3499,-133.7218,-15.74,76,75,2.3,CA,1669638599
227,magnor,59.9511,12.1996,37.29,97,100,6.8,SE,1669638599
228,faanui,-16.4833,-151.75,79.03,72,100,13.76,PF,1669638601
229,tucupita,9.0622,-62.051,76.42,93,100,2.77,VE,1669638601
230,cururupu,-1.8283,-44.8683,84.65,61,84,5.35,BR,1669638605
231,doha,25.2867,51.5333,88.11,41,0,14.97,QA,1669638481
232,port macquarie,-31.4333,152.9167,66.88,92,46,4.29,AU,1669638620
233,cabo san lucas,22.8909,-109.9124,68.5,58,0,4.61,MX,1669638629
234,umm kaddadah,13.6017,26.6876,91.26,16,12,2.17,SD,1669638631
235,parnarama,-5.6817,-43.0933,85.5,63,85,5.19,BR,1669638636
236,susangerd,31.5608,48.1831,79.02,25,97,7.81,IR,1669638636
237,mangai,-4.05,19.5333,83.35,65,39,3.0,CD,1669638637
238,port hedland,-20.3167,118.5667,80.65,83,0,12.66,AU,1669638638
239,salalah,17.0151,54.0924,81.48,48,100,6.08,OM,1669638418
240,beya,53.0533,90.9139,-4.77,87,98,2.95,RU,1669638639
241,grand-lahou,5.1367,-5.0242,82.45,72,87,8.05,CI,1669638640
242,byron bay,-28.65,153.6167,71.94,92,53,9.89,AU,1669638640
243,kita,13.0349,-9.4895,96.21,11,99,0.98,ML,1669638640
244,ashqelon,31.6693,34.5715,74.79,49,62,5.19,IL,1669638445
245,broken hill,-31.95,141.4333,64.11,42,0,15.75,AU,1669638641
246,manaus,-3.1019,-60.025,82.89,74,0,4.61,BR,1669638612
247,camopi,3.1655,-52.3158,85.55,60,33,3.42,GF,1669638641
248,zharkent,44.1628,80.0,24.01,45,6,5.41,KZ,1669638642
249,araouane,18.9048,-3.5265,81.88,12,100,13.96,ML,1669638642
250,pokosnoye,55.5258,101.0536,-4.85,91,100,14.97,RU,1669638642
251,fairbanks,64.8378,-147.7164,5.34,82,100,4.61,US,1669638634
252,maragogi,-9.0122,-35.2225,83.66,65,74,14.0,BR,1669638644
253,nanzhang,31.7765,111.8386,49.84,66,100,11.56,CN,1669638645
254,longyearbyen,78.2186,15.6401,37.24,70,75,13.8,SJ,1669638645
255,axim,4.8699,-2.2405,84.09,66,66,8.08,GH,1669638645
256,geraldton,-28.7667,114.6,72.01,68,0,14.97,AU,1669638645
257,la rioja,42.25,-2.5,46.18,58,77,13.53,ES,1669638645
258,arraial do cabo,-22.9661,-42.0278,75.16,94,100,10.36,BR,1669638646
259,pisco,-13.7,-76.2167,68.05,83,100,10.36,PE,1669638646
260,tocopilla,-22.092,-70.1979,67.71,71,1,4.59,CL,1669638647
261,margate,51.3813,1.3862,54.7,89,89,4.0,GB,1669638548
262,wonthaggi,-38.6044,145.5913,56.82,83,100,20.42,AU,1669638647
263,miami,25.7743,-80.1937,75.22,96,20,4.61,US,1669638537
264,dakar,14.6937,-17.4441,88.68,61,0,11.5,SN,1669638647
265,nabinagar,23.8917,90.9733,78.93,59,0,1.72,BD,1669638649
266,campechuela,20.2342,-77.2789,76.42,79,63,3.65,CU,1669638649
267,buchanan,5.8808,-10.0467,83.88,65,54,7.02,LR,1669638649
268,beringovskiy,63.05,179.3167,27.28,94,100,27.02,RU,1669638649
269,ahuimanu,21.4447,-157.8378,74.91,88,75,9.22,US,1669638649
270,aripuana,-9.1667,-60.6333,85.59,58,73,3.96,BR,1669638650
271,svetlaya,46.5389,138.3297,26.96,66,100,2.59,RU,1669638650
272,celendin,-6.8703,-78.1517,48.72,76,97,2.26,PE,1669638650
273,kruisfontein,-34.0033,24.7314,79.88,51,5,26.75,ZA,1669638650
274,katsuura,35.1333,140.3,64.81,67,94,19.48,JP,1669638651
275,wodonga,-36.1167,146.8833,54.27,83,4,3.33,AU,1669638651
276,cedar city,37.6775,-113.0619,33.4,59,0,0.0,US,1669638652
277,ohara,35.25,140.3833,64.26,68,100,18.75,JP,1669638652
278,tilichiki,60.4667,166.1,21.47,91,100,19.93,RU,1669638652
279,mezen,65.8522,44.24,16.54,91,100,7.61,RU,1669638529
280,mehran,33.1222,46.1646,71.91,32,100,4.88,IR,1669638653
281,ancud,-41.8697,-73.8203,59.36,70,0,2.59,CL,1669638653
282,dale,38.1689,-86.99,42.98,100,100,0.0,US,1669638653
283,cidreira,-30.1811,-50.2056,73.26,74,2,14.25,BR,1669638653
284,isla vista,34.4133,-119.861,56.01,69,40,0.0,US,1669638653
285,waingapu,-9.6567,120.2641,80.55,80,100,5.77,ID,1669638654
286,mamlyutka,54.9375,68.5394,-1.07,80,100,6.71,KZ,1669638654
287,hibbing,47.4272,-92.9377,28.0,80,100,9.22,US,1669638655
288,harboore,56.6175,8.1807,42.15,96,100,23.11,DK,1669638655
289,ilulissat,69.2167,-51.1,19.42,53,40,2.3,GL,1669638656
290,bud,39.447,-86.1758,42.82,93,73,4.34,US,1669638656
291,bandarbeyla,9.4942,50.8122,80.58,64,47,19.57,SO,1669638656
292,liku,-0.7275,119.8922,76.59,88,100,0.54,ID,1669638657
293,craig,40.5153,-107.5464,28.35,69,40,0.0,US,1669638657
294,paka,4.6374,103.4368,82.33,89,25,0.0,MY,1669638657
295,ponta do sol,32.6667,-17.1,75.7,74,4,7.07,PT,1669638657
296,airai,-8.9266,125.4092,62.22,93,100,1.57,TL,1669638658
297,venice,27.0998,-82.4543,71.62,99,100,5.75,US,1669638658
298,tazovskiy,67.4667,78.7,9.52,95,100,10.71,RU,1669638659
299,carupano,10.6678,-63.2585,77.43,88,100,7.52,VE,1669638660
300,kumaliskis,10.5487,123.2197,71.35,94,78,5.1,PH,1669638660
301,tomatlan,19.9333,-105.25,66.85,81,81,2.59,MX,1669638661
302,klyuchevsk,57.1216,60.9414,1.33,90,11,4.94,RU,1669638662
303,guerrero negro,27.9769,-114.0611,58.41,82,71,5.39,MX,1669638663
304,te anau,-45.4167,167.7167,47.53,94,100,2.98,NZ,1669638663
305,sur,22.5667,59.5289,79.54,57,71,4.63,OM,1669638664
306,honningsvag,70.9821,25.9704,33.55,75,40,10.36,NO,1669638664
307,sorland,67.667,12.6934,44.46,73,100,17.81,NO,1669638664
308,jacmel,18.2342,-72.5347,75.04,77,7,1.52,HT,1669638664
309,polovinnoye,54.7914,65.9864,2.3,76,100,6.42,RU,1669638664
310,laguna,38.421,-121.4238,51.01,86,0,6.91,US,1669638664
311,mnogovershinnyy,53.9353,139.9242,5.38,83,58,13.87,RU,1669638665
312,paso de carrasco,-34.8603,-56.0522,75.65,69,20,13.8,UY,1669638665
313,sao joao da barra,-21.6403,-41.0511,77.09,89,100,17.67,BR,1669638666
314,port blair,11.6667,92.75,80.64,83,20,2.3,IN,1669638666
315,bembereke,10.2283,2.6634,94.46,14,35,2.57,BJ,1669638667
316,hobyo,5.3505,48.5268,83.07,62,80,17.96,SO,1669638668
317,vitim,59.4511,112.5578,-11.16,91,100,9.51,RU,1669638668
318,pemba,-12.974,40.5178,84.9,65,20,19.57,MZ,1669638668
319,bunia,1.5667,30.25,73.78,73,84,2.86,CD,1669638669
320,elkridge,39.2126,-76.7136,56.25,81,40,10.36,US,1669638669
321,terrace bay,48.7834,-87.1,25.92,67,100,8.32,CA,1669638669
322,saint-pierre,-21.3393,55.4781,81.91,65,100,8.05,RE,1669638669
323,gladstone,-23.85,151.25,78.78,78,100,5.75,AU,1669638669
324,nhulunbuy,-12.2333,136.7667,83.01,78,40,5.75,AU,1669638669
325,kjollefjord,70.9457,27.3465,33.85,86,0,9.22,NO,1669638669
326,saint george,37.1041,-113.5841,30.79,64,0,0.0,US,1669638670
327,saint-georges,12.0564,-61.7485,80.28,74,40,11.5,GD,1669638670
328,olga,43.7444,135.2892,30.9,97,100,7.52,RU,1669638671
329,ostrovnoy,68.0531,39.5131,27.52,89,100,10.98,RU,1669638671
330,monrovia,6.3005,-10.7969,82.51,68,95,6.53,LR,1669638671
331,fiche,9.8,38.7333,63.32,39,100,2.93,ET,1669638671
332,luena,-11.7833,19.9167,71.96,67,100,3.69,AO,1669638671
333,prince george,53.9166,-122.753,11.25,78,0,12.66,CA,1669638672
334,gurupa,-1.405,-51.64,87.76,54,38,4.09,BR,1669638673
335,awjilah,29.1081,21.2869,62.46,57,96,3.22,LY,1669638673
336,michalovce,48.7543,21.9195,43.12,73,85,3.8,SK,1669638674
337,sao felix do xingu,-6.6447,-51.995,78.55,89,99,1.79,BR,1669638674
338,batagay-alyta,67.8006,130.4114,-32.22,94,18,3.91,RU,1669638674
339,gimli,50.6336,-96.9907,33.82,80,100,24.16,CA,1669638675
340,deputatskiy,69.3,139.9,-36.72,99,19,4.27,RU,1669638629
341,kathmandu,27.7167,85.3167,61.02,72,20,5.75,NP,1669638606
342,marshalltown,42.0494,-92.908,27.28,86,0,5.75,US,1669638676
343,ust-kulom,61.6864,53.6902,7.43,98,100,2.1,RU,1669638676
344,boda,4.3189,17.4695,89.83,40,92,2.48,CF,1669638678
345,victor harbor,-35.5667,138.6167,59.0,76,30,10.74,AU,1669638678
346,angoche,-16.2325,39.9086,85.08,66,52,18.79,MZ,1669638678
347,hovd,48.0056,91.6419,-5.04,67,1,3.09,MN,1669638523
348,yulara,-25.2406,130.9889,78.35,27,89,15.61,AU,1669638679
349,fort nelson,58.8053,-122.7002,2.79,83,100,11.5,CA,1669638679
350,ust-uda,54.1742,103.0304,-2.88,88,100,12.08,RU,1669638679
351,puerto suarez,-18.95,-57.8,82.96,78,0,4.61,BO,1669638679
352,shellbrook,53.2168,-106.4011,18.63,88,100,15.7,CA,1669638679
353,sistranda,63.7256,8.834,46.36,69,92,6.71,NO,1669638517
354,tiarei,-17.5333,-149.3333,75.22,78,5,13.22,PF,1669638680
355,aktau,43.65,51.2,39.78,65,99,8.1,KZ,1669638482
356,pitimbu,-7.4706,-34.8086,84.79,63,22,10.6,BR,1669638680
357,gornyy,55.1153,83.9059,-10.08,93,100,5.91,RU,1669638681
358,manado,1.487,124.8455,79.57,94,20,1.14,ID,1669638681
359,leningradskiy,69.3833,178.4167,-2.33,89,99,4.54,RU,1669638681
360,male,4.1748,73.5089,84.15,79,20,4.61,MV,1669638682
361,chengde,40.9725,117.9361,26.02,26,0,16.8,CN,1669638682
362,nikitinskiy,54.5845,86.0115,-6.3,84,100,2.91,RU,1669638682
363,sobolevo,54.4299,31.8996,32.11,97,100,9.26,RU,1669638682
364,severodvinsk,64.5635,39.8302,17.71,93,98,6.31,RU,1669638682
365,kalianget,-7.05,113.9333,82.09,76,100,3.96,ID,1669638682
366,adet,11.2644,37.4888,61.68,68,97,5.82,ET,1669638682
367,sao filipe,14.8961,-24.4956,77.83,56,72,10.63,CV,1669638683
368,almunecar,36.7339,-3.6907,71.96,42,11,7.54,ES,1669638684
369,namatanai,-3.6667,152.4333,81.37,76,38,4.63,PG,1669638684
370,luwuk,-0.9516,122.7875,78.94,83,96,2.59,ID,1669638684
371,elizabeth city,36.2946,-76.2511,55.42,81,0,8.05,US,1669638685
372,norman wells,65.282,-126.8329,-12.96,77,75,4.61,CA,1669638685
373,champerico,14.3,-91.9167,77.54,88,100,5.21,GT,1669638686
374,olafsvik,64.8945,-23.7142,41.05,75,100,14.03,IS,1669638687
375,novoagansk,61.9449,76.6625,-12.32,98,19,6.51,RU,1669638687
376,ola,59.5833,151.2833,12.15,80,100,21.12,RU,1669638687
377,nome,64.5011,-165.4064,6.87,61,0,9.22,US,1669638688
378,yumaguzino,52.9041,56.3933,14.68,83,100,5.73,RU,1669638688
379,cabo rojo,18.0866,-67.1457,82.72,65,8,4.7,PR,1669638688
380,wamba,8.9333,8.6,93.29,24,4,4.81,NG,1669638688
381,bridlington,54.0831,-0.1919,44.29,95,5,1.99,GB,1669638690
382,townsville,-19.25,146.8,79.68,83,75,4.61,AU,1669638691
383,samagaltay,50.6022,95.0047,-19.89,91,85,2.35,RU,1669638692
384,dunedin,-45.8742,170.5036,53.8,87,100,5.06,NZ,1669638587
385,avera,33.194,-82.5271,48.25,85,0,7.47,US,1669638692
386,tortoli,39.9256,9.6572,55.22,62,0,3.44,IT,1669638692
387,dingle,10.9995,122.6711,77.76,91,100,7.2,PH,1669638693
388,redditch,52.3065,-1.9457,49.98,99,65,5.12,GB,1669638694
389,necochea,-38.5473,-58.7368,77.18,61,23,12.24,AR,1669638694
390,vestmannaeyjar,63.4427,-20.2734,36.59,64,0,13.8,IS,1669638694
391,port augusta,-32.5,137.7667,60.67,67,0,14.14,AU,1669638694
392,gokak,16.1667,74.8333,79.54,59,98,6.51,IN,1669638694
393,bozova,37.3625,38.5267,59.92,55,100,5.91,TR,1669638694
394,sabla,12.7525,4.7077,91.54,11,100,5.64,NG,1669638694
395,zhaoyuan,37.3592,120.3964,46.08,81,100,16.58,CN,1669638696
396,ryotsu,38.0833,138.4333,57.58,66,100,10.42,JP,1669638696
397,aykhal,66.0,111.5,-19.53,100,99,5.59,RU,1669638696
398,niigata,37.9022,139.0236,57.15,62,0,12.66,JP,1669638404
399,najran,17.4924,44.1277,77.65,25,0,13.51,SA,1669638697
400,kaitangata,-46.2817,169.8464,50.76,93,100,2.93,NZ,1669638697
401,kolokani,13.5728,-8.0339,90.43,10,100,6.26,ML,1669638697
402,paamiut,61.994,-49.6678,30.9,78,100,8.21,GL,1669638699
403,banda aceh,5.5577,95.3222,81.16,77,96,3.8,ID,1669638699
404,sioux lookout,50.1001,-91.917,24.87,86,100,6.91,CA,1669638699
405,rameshki,57.3439,36.0453,20.23,94,100,6.8,RU,1669638699
406,hita,33.3167,130.9333,64.08,81,100,5.48,JP,1669638699
407,boa vista,2.8197,-60.6733,75.18,94,75,3.44,BR,1669638672
408,norsup,-16.0667,167.3833,81.41,80,53,10.45,VU,1669638700
409,manta,-0.95,-80.7333,71.38,88,100,11.5,EC,1669638700
410,chabahar,25.2919,60.643,80.62,54,44,7.94,IR,1669638431
411,wukari,7.85,9.7833,95.83,13,38,6.02,NG,1669638700
412,bulancak,40.9372,38.2291,57.02,67,40,5.75,TR,1669638700
413,kiknur,57.3034,47.2011,6.39,97,32,5.46,RU,1669638700
414,carballo,43.213,-8.691,57.9,85,93,6.62,ES,1669638701
415,zhigansk,66.7697,123.3711,-32.12,97,100,6.69,RU,1669638701
416,hami,42.8,93.45,14.32,19,0,8.25,CN,1669638701
417,polis,35.0367,32.4264,69.62,61,100,9.66,CY,1669638701
418,nakamura,32.9833,132.9333,63.01,81,100,5.44,JP,1669638701
419,alexandria,31.2156,29.9553,69.58,50,100,4.23,EG,1669638481
420,la palma,33.8464,-118.0467,58.3,90,75,3.44,US,1669638701
421,kabanjahe,3.1001,98.4908,64.76,98,100,0.92,ID,1669638701
422,itarema,-2.9248,-39.9167,83.14,63,100,11.77,BR,1669638702
423,unity,52.4501,-109.1682,14.25,93,100,24.2,CA,1669638702
424,oskemen,49.9565,82.6119,-29.07,67,5,2.24,KZ,1669638702
425,zhangye,38.9342,100.4517,10.9,24,42,10.31,CN,1669638702
426,diamantino,-14.4086,-56.4461,90.66,37,5,5.7,BR,1669638703
427,port elizabeth,-33.918,25.5701,82.09,69,20,23.02,ZA,1669638703
428,chara,56.9064,118.2631,-19.39,83,100,2.62,RU,1669638703
429,cascais,38.6979,-9.4215,62.46,68,40,18.01,PT,1669638460
430,halkirk,52.2834,-112.1518,9.97,93,100,22.57,CA,1669638703
431,omboue,-1.5746,9.2618,77.61,85,100,7.2,GA,1669638705
432,christchurch,-43.5333,172.6333,55.6,84,100,8.05,NZ,1669638705
433,shirokiy,49.758,129.523,4.39,92,100,7.83,RU,1669638705
434,bay roberts,47.5999,-53.2648,39.51,96,100,1.01,CA,1669638705
435,poya,-21.35,165.15,77.43,82,11,6.02,NC,1669638705
436,charyshskoye,51.3978,83.5598,-13.4,93,7,3.83,RU,1669638705
437,sokoto,13.0609,5.239,90.88,11,37,7.4,NG,1669638705
438,shizunai,42.3339,142.3669,43.72,72,99,8.77,JP,1669638516
439,fereydun kenar,36.6864,52.5225,61.25,73,98,13.65,IR,1669638486
440,port hardy,50.6996,-127.4199,32.18,100,75,5.75,CA,1669638706
441,butembo,0.15,29.2833,65.64,87,99,1.5,CD,1669638706
442,samdari,25.8167,72.5833,74.5,16,4,3.94,IN,1669638706
443,sao jose da coroa grande,-8.8978,-35.1478,83.21,66,61,13.91,BR,1669638706
444,camargo,27.6667,-105.1667,47.77,20,0,3.27,MX,1669638707
445,amapa,1.0,-52.0,85.51,59,34,3.65,BR,1669638708
446,ilo,-17.6394,-71.3375,65.26,82,100,11.5,PE,1669638708
447,bira,49.0,132.4667,12.42,91,100,1.63,RU,1669638709
448,pangnirtung,66.1451,-65.7125,14.0,62,100,16.11,CA,1669638709
449,biltine,14.5333,20.9167,90.27,11,5,9.01,TD,1669638709
450,darlawn,24.0167,92.9,65.25,89,100,1.3,IN,1669638709
451,srednekolymsk,67.45,153.6833,-18.45,97,100,6.38,RU,1669638710
452,gadarwara,22.9167,78.7833,66.24,39,0,5.1,IN,1669638710
453,alice springs,-23.7,133.8833,67.55,56,40,5.75,AU,1669638710
454,andra,62.5147,65.8878,-9.92,98,40,4.47,RU,1669638710
455,mabaruma,8.2,-59.7833,76.35,93,98,2.44,GY,1669638710
456,ahipara,-35.1667,173.1667,53.73,82,20,2.57,NZ,1669638710
457,gizo,-8.103,156.8419,82.85,73,100,5.19,SB,1669638711
458,gunjur,13.2019,-16.7339,89.67,33,0,8.05,GM,1669638711
459,la ronge,55.1001,-105.2842,16.05,86,100,12.66,CA,1669638711
460,san quintin,30.4833,-115.95,57.13,84,100,5.55,MX,1669638711
461,mumford,5.2618,-0.759,83.17,71,15,11.43,GH,1669638711
462,beloha,-25.1667,45.05,84.02,49,21,15.3,MG,1669638711
463,kloulklubed,7.0419,134.2556,81.1,78,53,18.37,PW,1669638711
464,mount gambier,-37.8333,140.7667,51.82,88,26,8.79,AU,1669638712
465,zapolyarnyy,69.4154,30.8136,29.48,92,100,12.53,RU,1669638712
466,adrar,20.5022,-10.0711,80.31,14,0,14.12,MR,1669638713
467,saint-ambroise,48.5501,-71.3324,32.31,93,100,10.36,CA,1669638713
468,haines junction,60.7522,-137.5108,10.35,67,95,6.91,CA,1669638714
469,grootfontein,-19.5667,18.1167,89.17,33,95,5.75,NA,1669638715
470,gat,31.61,34.7642,73.78,100,100,5.77,IL,1669638715
471,masumbwe,-3.6333,32.1833,77.7,55,100,1.07,TZ,1669638716
472,south charleston,38.3684,-81.6996,46.26,80,100,6.91,US,1669638716
473,acarau,-2.8856,-40.12,84.31,61,100,13.51,BR,1669638717
474,itoman,26.1247,127.6694,75.22,88,20,10.36,JP,1669638717
475,algiers,36.7525,3.042,64.22,48,40,21.85,DZ,1669638424
476,lieksa,63.3167,30.0167,28.9,95,100,6.38,FI,1669638459
477,wakkanai,45.4094,141.6739,34.65,64,100,8.1,JP,1669638718
478,kashi,39.4547,75.9797,38.41,15,100,6.71,CN,1669638718
479,novyy urgal,51.0736,132.5642,-0.11,98,100,2.06,RU,1669638718
480,virginia beach,36.8529,-75.978,56.01,74,0,10.36,US,1669638648
481,dukat,62.55,155.55,-0.29,98,100,6.87,RU,1669638718
482,hellvik,59.9156,5.781,48.0,76,100,7.54,NO,1669638718
483,lorengau,-2.0226,147.2712,82.35,72,99,6.89,PG,1669638718
484,gallup,35.5281,-108.7426,29.01,52,0,4.61,US,1669638718
485,provideniya,64.3833,-173.3,17.06,91,100,12.17,RU,1669638719
486,nuevitas,21.5453,-77.2644,77.56,80,96,3.0,CU,1669638719
487,codrington,-38.2667,141.9667,53.44,87,84,14.56,AU,1669638719
488,inhambane,-23.865,35.3833,76.98,88,75,6.91,MZ,1669638719
489,bodden town,19.2833,-81.25,80.92,89,40,3.44,KY,1669638719
490,valparaiso,-33.0393,-71.6273,64.0,95,100,5.75,CL,1669638496
491,calabozo,8.9242,-67.4293,77.77,78,100,6.96,VE,1669638720
492,bandar-e lengeh,26.5579,54.8807,82.51,69,0,4.61,IR,1669638511
493,tessalit,20.1986,1.0114,82.0,14,100,3.22,ML,1669638720
494,bonthe,7.5264,-12.505,83.73,67,100,6.42,SL,1669638721
495,praia,14.9215,-23.5087,81.14,50,40,21.85,CV,1669638613
496,galeana,24.8333,-100.0667,49.1,25,0,3.78,MX,1669638721
497,victoria,22.2855,114.1577,80.65,87,5,7.14,HK,1669638602
498,rocha,-34.4833,-54.3333,77.41,58,10,10.07,UY,1669638721
499,george,-33.963,22.4617,74.75,60,20,23.02,ZA,1669638721
500,pyaozerskiy,65.8333,31.1667,24.13,95,100,4.21,RU,1669638721
501,bokoro,12.3807,17.0568,90.88,11,29,7.54,TD,1669638721
502,shenjiamen,29.9576,122.298,66.42,94,98,6.71,CN,1669638721
503,tembisa,-25.9964,28.2268,75.2,74,97,11.83,ZA,1669638722
504,asau,46.4333,26.4,36.52,81,100,3.13,RO,1669638723
505,camacha,33.0833,-16.3333,67.42,68,40,14.97,PT,1669638723
506,hambantota,6.1241,81.1185,80.94,89,20,2.3,LK,1669638723
507,hearst,49.6835,-83.6665,21.45,81,100,3.04,CA,1669638724
508,podor,16.6527,-14.9587,91.6,10,0,13.53,MR,1669638724
509,conceicao do araguaia,-8.2578,-49.2647,76.82,83,100,3.69,BR,1669638724
510,princeton,25.5384,-80.4089,75.22,99,0,0.0,US,1669638725
511,muros,42.7762,-9.0603,57.69,86,99,12.64,ES,1669638725
512,vryheid,-27.7695,30.7917,64.96,66,98,6.13,ZA,1669638725
513,biak,-0.9131,122.8766,78.15,80,98,1.36,ID,1669638725
514,moree,-29.4667,149.85,73.72,31,100,13.4,AU,1669638726
515,samut sakhon,13.5833,100.3,84.18,73,35,5.59,TH,1669638726
516,sao bernardo,-3.3614,-42.4178,91.99,42,94,6.6,BR,1669638727
517,mandera,3.9366,41.867,89.64,38,98,10.51,KE,1669638727
518,sept-iles,50.2001,-66.3821,30.72,73,100,8.05,CA,1669638727
519,ugoofaaru,5.6667,73.0,81.46,72,20,3.4,MV,1669638727
520,taoudenni,22.6783,-3.9836,75.92,12,62,17.36,ML,1669638477
521,matara,5.9485,80.5353,79.09,79,100,2.93,LK,1669638727
522,santa cruz de la palma,28.6835,-17.7642,75.34,64,20,12.66,ES,1669638708
523,umm lajj,25.0213,37.2685,80.62,62,100,8.16,SA,1669638727
524,novopokrovka,49.8425,36.5477,36.9,68,98,10.76,UA,1669638727
525,meulaboh,4.1363,96.1285,79.92,76,100,1.83,ID,1669638728
526,graaff-reinet,-32.2522,24.5308,84.92,40,2,13.51,ZA,1669638728
527,makakilo city,21.3469,-158.0858,73.72,76,75,9.22,US,1669638728
528,riyadh,24.6877,46.7219,82.54,19,100,7.05,SA,1669638728
529,khandyga,62.6667,135.6,-51.07,100,92,1.99,RU,1669638728
530,caravelas,-17.7125,-39.2481,82.04,68,100,0.16,BR,1669638728
531,matay,28.419,30.7792,73.9,28,100,5.59,EG,1669638729
532,aketi,2.7388,23.7833,80.01,80,86,0.98,CD,1669638729
533,westlock,54.1502,-113.8688,11.1,80,100,17.83,CA,1669638729
534,kudahuvadhoo,2.6708,72.8944,81.34,68,65,7.49,MV,1669638730
535,paducah,37.0834,-88.6001,44.82,96,100,0.0,US,1669638730
536,maniitsoq,65.4167,-52.9,31.35,69,100,12.66,GL,1669638730
537,saint-leu,-21.15,55.2833,83.23,71,80,3.15,RE,1669638730
538,gornozavodsk,58.3758,58.3211,2.86,96,15,1.28,RU,1669638730
539,isangel,-19.55,169.2667,73.51,94,96,0.0,VU,1669638731
540,brooks,50.5834,-111.8851,13.98,69,100,19.57,CA,1669638731
541,narasannapeta,18.4167,84.05,71.24,63,11,6.42,IN,1669638731
542,moyale,3.5167,39.0584,77.18,52,91,15.64,KE,1669638732
543,varnamo,57.186,14.04,42.28,82,98,10.36,SE,1669638732
544,porto walter,-8.2686,-72.7439,81.28,68,99,1.14,BR,1669638732
545,atar,20.5169,-13.0499,85.19,14,0,15.5,MR,1669638732
546,omidiyeh,30.7597,49.705,85.87,25,0,16.11,IR,1669638732
547,iskateley,67.6803,53.1512,14.31,93,100,10.92,RU,1669638554
548,alofi,-19.0595,-169.9187,76.89,78,87,9.22,NU,1669638708
549,yen bai,21.7,104.8667,78.04,88,5,1.81,VN,1669638733
550,sisimiut,66.9395,-53.6735,19.76,76,100,7.72,GL,1669638733
551,carutapera,-1.195,-46.02,85.66,61,100,7.47,BR,1669638733
552,ardakan,32.31,54.0175,64.74,31,81,4.9,IR,1669638632
553,zlate moravce,48.3855,18.4006,41.14,71,100,11.88,SK,1669638645
554,escanaba,45.7453,-87.0646,28.96,91,100,3.44,US,1669638562
555,tupik,54.4253,119.9327,-20.02,100,100,2.15,RU,1669638733
556,gayny,60.3071,54.3241,5.32,98,98,1.92,RU,1669638733
557,uvinza,-5.1036,30.3911,78.46,62,100,2.48,TZ,1669638733
558,kushmurun,52.4503,64.6311,9.54,78,100,8.3,KZ,1669638734
559,labuhan,-6.8844,112.2051,78.46,88,100,7.76,ID,1669638734
560,lakhimpur,27.95,80.7667,70.54,50,0,2.1,IN,1669638734
561,nuuk,64.1835,-51.7216,36.21,55,75,15.01,GL,1669638735
562,haimen,23.1935,116.6142,73.29,96,9,3.22,CN,1669638735
563,dieppe,49.75,1.1667,50.2,88,39,1.99,FR,1669638601
564,ouesso,1.6136,16.0517,86.79,55,75,2.21,CG,1669638736
565,naliya,23.2667,68.8333,79.09,41,5,9.08,IN,1669638736
566,almeirim,-1.5233,-52.5817,86.9,56,63,3.87,BR,1669638736
567,coxim,-18.5067,-54.76,95.79,25,0,2.48,BR,1669638736
